id,price
2591820310,362438.0
7974200820,780962.0
7701450110,1216767.6
9522300010,1662398.2
9510861140,717467.44
1761300310,258269.17
7732410120,857453.25
7010701383,650980.3
291310170,398934.47
6840701125,605535.7
3971700580,402716.5
4202400078,266763.25
4202400078,266763.25
6064800090,349396.88
2626119028,243411.2
3303980660,1006663.6
862000020,742689.7
2386000070,903993.56
1138000450,370957.66
1775800420,459305.38
2291401425,395928.84
2025770560,1074434.8
3525069037,863541.56
9324800450,578200.25
8080400136,577413.4
8651540040,509565.9
9407001790,264175.34
1773101530,152902.75
9432900250,331365.22
1794500695,615548.0
2220069003,372127.66
923000120,492922.12
5728000060,570882.8
16000200,264392.6
1926059094,404499.78
6672900220,1026225.6
3629860060,736562.25
1822069109,424014.47
6675500105,346886.84
249000180,2092553.1
226059065,521650.9
396100110,268359.84
9264450460,343974.03
7853361210,404282.66
9474700020,310753.06
421000455,222428.72
3755200220,388395.7
7960100075,427330.72
9477100490,391326.94
9138100350,821643.75
1624049275,403689.72
2770606890,507568.62
1157200189,359773.22
2770601800,452970.88
9301300805,653293.9
2325069032,1209018.9
1021079099,306254.34
7215730040,742131.06
1853200080,448273.34
3224600340,702802.4
3222049120,416923.53
2113700025,274769.7
7893207925,239176.7
3586501085,662504.25
8024200010,403214.56
7116500705,171475.95
1598600209,351107.1
7204200025,815779.25
4206901505,600398.94
2937300440,902678.94
7205000180,314798.38
8718500665,390944.6
5318101765,1030721.75
4122700020,1021043.94
8078700020,502501.34
3303980680,914844.1
8924100372,1117593.5
2781270210,213285.27
519000043,547344.94
3225069301,1335866.0
151000075,764030.1
2297400020,417723.1
6617500085,482539.28
104510180,225929.77
3528900060,1046803.56
3345100286,575593.56
1226039130,411839.53
8712100720,749028.8
3037200010,421941.5
3626039268,424107.1
104510230,240059.92
5112800060,393843.28
6072400280,638241.25
5317100570,1086861.5
9528102993,538030.8
2919201095,473505.38
6181400920,252793.31
185000161,237035.84
8691400010,754365.94
3345700165,553502.25
6151800486,201145.77
4340000080,1268374.4
4136960010,507756.0
3634100030,275336.53
1624059224,854091.6
2788400090,234862.17
9828200762,472046.8
7524400250,587616.0
3528000290,748132.9
5700003630,2034142.0
2720069019,294073.66
7227501170,211681.97
2397101270,685907.44
6792100090,703783.6
2770602265,560901.2
3971700937,250728.95
422049203,218624.08
3076500830,259872.89
1423400260,270294.16
9161100795,430903.75
3126049052,512145.06
5100401468,392158.2
514500235,372163.12
1423200170,180492.62
1402100070,398753.4
624110020,743452.2
2407000145,211470.92
1890000225,799617.75
1320069271,316553.53
5490700085,351077.28
263000155,401933.0
3726800201,363751.44
5153200358,275524.6
2725079018,705007.56
7165700200,246026.23
9429000170,616249.3
8718500075,389816.9
1760650950,295219.0
1068000559,1253415.8
4113800500,591756.7
4077800507,504090.06
2725069150,748576.8
4008400035,640395.3
7016310270,429573.53
1432701230,220917.81
3278606050,337109.7
2473350710,380229.03
2185000685,153995.47
7792000025,314230.28
6868200029,443916.97
624069003,932609.4
7431500280,896336.1
3296000040,542984.94
1118001215,1570599.8
6453900040,653786.9
333100209,600191.7
34001765,596063.0
8946700100,378357.12
5561401210,589339.5
6671900095,343103.56
3275850020,663292.0
3876300600,404963.34
1450900020,288034.47
8562780280,331784.22
7663700973,336611.72
2126049032,381565.8
1823059159,204234.47
3438503426,276266.34
9297301495,488026.66
7140700850,349965.12
7942601805,670218.44
2555900030,340270.53
2887970040,247594.55
7419700010,584699.1
2239000011,446558.9
9283800050,466140.78
9407001340,298819.78
217500140,470640.28
7212660520,253891.66
3298201170,330088.78
3057000400,279234.88
6865200444,526219.3
6071600340,496347.75
6821600005,706729.56
1235100371,542079.5
7796450340,336092.1
3603000410,167368.6
9297300255,540332.94
9126100850,515966.5
2770601462,465107.03
2599001500,224378.17
1102000095,757660.9
1853080640,872609.9
9551201585,965791.7
3438500796,300068.88
7518504291,516697.72
9269200340,384355.34
715010130,1510886.2
1982201485,573816.7
9526500080,394991.66
9277200180,493766.2
6669150280,277771.66
8917100153,602802.9
3760500516,951164.0
2725069050,915542.4
3332000091,278122.1
8562770080,609149.4
8151601190,285269.3
8563040160,619540.4
240000269,562518.44
4307350200,318121.5
1311910300,245818.67
3574900030,500803.44
7853230570,433760.2
320069049,363075.6
9839301060,612734.94
7011201333,614150.7
2781320100,246390.66
3421069120,405970.66
7852030320,466160.34
5316101075,2783149.5
5309100750,551001.06
629000730,830105.0
511700170,306684.56
1562100030,538618.1
2489200230,556861.1
524069116,497582.84
5315100737,1242047.1
1868900675,885207.7
1608000120,339931.28
705700240,351364.0
7575600610,256035.28
1778500015,658873.75
5423500240,196726.77
6713700025,359774.6
2734100734,346568.1
301402280,191389.34
2113700205,281896.62
4114601570,2944577.8
3332000615,356534.88
3630050180,345802.12
6852700520,548006.7
6870310010,683973.94
6163900981,278941.28
393000142,336803.44
1771100130,338611.8
1442860160,368930.4
9191200435,544446.7
6788200800,1043689.44
1115300070,760024.44
3176600105,790665.25
2770604665,636762.06
5469500580,352404.97
5680000545,432674.84
3424089119,607644.3
1328300180,305454.53
1773100922,286978.56
4123830480,365844.75
9808610190,806662.0
4250200140,277279.38
4217402115,3437255.8
3831250350,379785.47
2397101055,920394.94
6817850110,794518.75
7526800200,596766.6
7853370100,647577.2
2523089025,895996.8
9476200680,266332.38
5714200140,403219.94
3575304895,532965.3
263000018,419310.03
8080400177,444412.56
6450304130,340959.53
514500090,556012.06
9477000300,436845.06
853600310,1482636.9
1951600240,198491.27
1099900120,330462.97
5323100120,555877.94
1223089016,452248.75
522059172,225195.36
1930300190,747251.56
9542840410,308613.94
8665050530,499558.47
5592900205,358366.84
5450300010,516038.34
2459960030,334948.47
3331500455,517670.38
3432500705,394898.62
3702900165,236129.06
5249803550,538461.0
626049058,441136.66
1788900380,151709.22
8075400360,206937.34
9113200250,729251.25
2738640040,634340.06
7821200307,464399.66
3530440140,235630.78
3582700130,453323.1
9276200569,675345.56
7197800020,618283.75
686200490,534099.44
3501600100,425865.7
6383000690,607078.4
7604400150,345310.12
5249801411,647640.8
2607720420,487797.72
9561100010,409251.12
1796370590,250703.61
4077800593,371180.94
854000165,249211.36
5536100010,824818.6
4188000670,745496.25
31000165,1413509.4
662350050,982639.3
4137000280,271833.56
6169901130,1085383.4
1953400510,251487.61
7518506716,1060213.1
1552520010,401599.66
7955080270,302912.2
9212900100,534204.94
3438500798,290682.25
7899800890,245731.48
4319200605,502177.0
1329300480,357174.7
8935100100,645592.9
5016001260,438321.53
4337600280,287295.12
1446401220,191059.8
7135521530,645123.25
6888900115,277629.44
2413301070,279935.84
345700040,317899.5
5566100145,475047.75
7634800070,390443.1
9346910500,622302.2
3529300060,316976.75
8128600060,863569.56
8572900275,206456.38
4139420590,1358549.9
9274200322,610091.2
1472700200,583785.9
8820903380,592654.1
8563010130,1134805.5
8965450110,827570.9
9274204230,494922.66
8165501700,330256.6
2193340260,537519.0
1860600290,907922.1
1222000055,185932.69
2492200280,421977.72
2488200455,361624.22
809001520,1434264.9
1796361140,242665.56
6398000011,805237.75
6813600365,518193.47
7504100920,725885.3
8835770330,737198.94
524059322,822018.4
4307330280,361898.16
1245002952,1104055.0
2021069059,251135.78
5700000595,644945.5
3629970930,720702.25
3336002215,295665.6
5100401060,619360.8
3278600750,256386.16
1126069045,1092281.4
7568700175,319397.03
452001475,486132.84
9283800230,641940.5
1737300130,550950.6
6189600040,485670.38
3679400025,498759.2
1096100010,307199.2
9513900050,249556.7
5452800645,829452.94
273800100,225939.45
7228500037,461184.4
808300090,450854.78
2493200215,587991.56
5035300255,719333.06
3380900160,398323.94
3630000130,402742.22
7300400670,266326.28
6798100070,356376.47
8078400010,545552.2
5566100060,447994.28
2768200212,481530.22
4035900060,539795.2
9460000110,304404.75
7199320190,521394.78
2225039081,463363.12
9512200050,511524.66
2634500085,332240.16
3654800200,295529.44
2724079090,1478994.8
2597520720,804304.5
3034200426,385843.88
984000130,314816.4
7852020670,438789.53
7923500060,668502.56
2310030510,293682.4
2205500540,470410.53
2493200015,349081.12
7853361420,577890.44
5652600605,555155.9
5285200020,289385.8
9406530150,351375.72
5706300020,485424.47
3278602490,382503.62
7197000100,529891.5
4447300008,543035.2
7899800045,231021.69
9250900095,318547.72
9268851740,683680.5
8682261440,533063.44
7284900385,898079.06
8079040300,435149.03
2225300585,410310.2
3223039013,379408.97
2013801350,277269.06
4055701110,872284.56
3578401770,425684.6
4046500720,456877.25
6145601745,352384.47
5207200195,663032.06
1972201856,640475.94
7212680080,240947.11
7277100510,586699.9
522079022,613428.4
5605000440,779314.06
6632300230,386605.22
8815400165,620377.56
6708200320,497060.2
2426059076,632746.2
3260200200,531416.8
2770601741,412735.2
4338800500,266420.78
9201000320,789931.2
7655900038,282942.72
3625059140,522860.72
4222310010,211592.16
2114700115,349939.1
3291800710,318557.75
9406590010,343514.12
3025059124,2807759.0
7972601250,460965.4
930000470,908350.8
6690500060,498003.94
16000015,192696.27
5693501102,597136.6
8079040490,436481.1
7225000155,309400.5
8819900170,802185.6
7972601270,356158.7
1224069074,788377.8
5126900321,335661.25
3438501860,317662.78
2822069080,403415.72
1656600310,535295.75
3856900507,1159420.1
1626069139,454173.84
2524049257,1343529.2
3904960150,526172.1
7214820610,455630.2
7977201845,528732.5
2428100080,914430.6
2202500135,424666.03
1523550220,647715.5
2313900610,444142.7
4123840050,416091.34
2125059124,957112.25
1225039067,463866.28
6431500283,427859.2
2473380010,279654.6
5694501195,383044.97
2881700046,345930.78
6837820330,315497.47
2337300370,197474.52
3876540630,242229.72
626059317,341975.22
3374500520,291277.47
7228501903,310591.9
4019300051,479815.78
4232902615,679514.5
3546000090,246640.56
8127700215,737908.6
3438501100,374945.78
1769600066,1125368.9
8146100610,665272.3
3052700695,507633.5
7954310210,670663.44
3761700053,2245311.5
1320069179,309085.5
1331900410,785295.25
7303100210,334055.9
2464400285,503648.0
6163901150,368364.75
8955800045,565446.0
2314300200,401938.75
9528104360,417895.62
4177100005,570033.56
8856960260,304966.4
1828001220,605413.9
3066400710,676886.0
624110610,786354.2
4040800260,397353.78
5019500215,510573.3
2481630180,1159915.5
7203170190,709790.7
510001280,977947.1
9430110120,757379.8
1565950030,347073.47
9828202255,808514.3
3878900270,379596.44
8091600080,219311.31
1112000035,328856.44
2228900270,294658.44
6648701740,289149.7
1245003740,726538.4
2174503441,539166.0
7708250010,327961.66
6072300110,556166.94
2329800140,271459.22
1494300040,530549.4
3832050130,269711.97
7203100730,899384.44
7199330170,437265.62
7785000220,705701.8
1250201175,435459.97
4054500180,1064925.2
7905200061,436077.94
3751604895,189216.05
5220300140,296884.22
3323059027,335361.44
8651611980,881061.44
8673400190,543102.0
1668500100,791428.75
1023059365,564939.9
3308030060,337171.72
4232400860,904316.06
2144800615,247464.95
1568100920,1350160.9
9406510040,554206.3
2923049421,327407.56
1051000040,1719111.8
2077700042,602251.25
9423800030,222983.7
9818700455,664420.2
7133300675,364443.47
4113800550,590485.5
5553300375,1940893.8
2025701530,280710.84
7942601155,425577.84
7524300020,288477.06
2520069100,284720.3
5412300410,237307.27
7504110760,715444.3
2594200350,455474.22
2722059013,211926.19
8078430480,536448.7
1423069162,541824.7
8856001090,160969.05
7000100631,882710.7
4222200280,223778.95
7971300050,628098.8
2009001600,302669.9
6619910140,588162.06
2877100985,566818.94
1196000007,347495.75
1330850130,804082.06
6664900410,260648.78
1231001110,333632.47
9235900030,261595.83
9407101840,340366.94
9523103001,497611.8
2149800278,370574.0
7234601198,728320.56
9476700035,398041.78
9297301065,530541.25
518500700,757532.25
7843500090,326855.7
6056110780,332928.12
2345700260,341998.06
3509600070,236375.55
1431700280,355470.2
1623049174,287796.16
3024089049,368374.94
7853340450,344707.34
7732410360,781169.1
1446800995,319014.7
2946000285,242162.52
425079100,439722.03
3876313040,453265.16
1762600260,1059092.4
1925069121,1087390.2
7443000480,940285.25
7820000015,317814.3
4027701253,534942.6
2826049165,405277.06
5426300060,968583.75
1278000210,143145.25
923000270,392822.22
7657600005,267926.38
3024079057,319848.78
3276180020,331055.34
7304300760,303917.72
3908100020,552842.8
8835400805,682066.06
4051150070,225787.38
3904930530,451431.72
6163900971,345779.06
7942600310,367628.1
4365700330,269241.16
423059207,254139.97
3992700265,352612.75
7177300090,456382.97
2540820010,743747.2
5700002510,1031119.94
5201000030,585842.25
7631800015,1569511.1
2922702965,684341.94
1525059198,1049460.4
1245003160,802508.56
3810000455,284759.7
7855600080,599012.56
5701500030,1246730.1
7504020400,589251.8
1402600570,320589.03
7575610760,270014.12
8731990370,343274.72
5021900090,826900.3
290000075,513426.34
2841500010,406039.97
3955900830,489107.16
7852110140,555294.56
1311400350,240281.64
7773800015,589642.5
4123400320,548116.94
2725069157,892391.3
666000143,845436.7
5101408678,544009.7
6371000026,377533.16
2024059084,728224.06
7283900036,343963.22
8881900230,776372.06
3959400135,384198.12
7696610270,222841.9
1689400150,817229.2
5103900015,442138.22
1441000350,432584.9
5101408735,326889.34
3126059027,2515426.2
2320069014,481140.5
9541600015,713643.25
8682320420,763651.4
1562200090,582012.56
3395070980,444433.34
7349600230,254101.67
522049122,248371.9
869700060,259127.73
811000055,1472159.9
1221059176,377061.1
1523059103,479821.28
2025760210,696395.4
9218400088,357268.38
8682292020,455361.75
2623089135,478328.2
3758900259,1003192.44
524069049,526749.06
3121500150,815059.94
5581400080,781419.44
8087800020,485584.7
4070700290,785864.6
3296000170,592541.1
9238500040,530834.8
2744600040,340453.62
6813600380,608690.56
6140100150,390353.34
2201500555,475397.2
2600110250,681933.4
4337000275,156939.81
1186000150,549709.94
1972201963,490046.56
1105000745,414933.1
2887700560,592134.94
4039700080,616784.4
522049104,265926.3
7520000695,190350.5
7714000310,383942.47
4319200060,704828.75
8624700015,565221.2
5104520610,333521.12
2354300845,281568.03
3824100291,468092.44
6151800612,228525.17
5454200080,948297.4
6413600290,327423.5
2131200065,283011.28
1459920010,281971.9
50300090,383240.1
2326300090,717288.2
7714000070,447508.75
3630180500,1049419.4
1727850340,987258.9
8691430330,1033939.1
2310030390,271030.6
5561400610,496642.28
7010701016,481549.03
7883605915,259651.67
1282300995,333864.5
4040700310,439277.72
3353400435,229682.3
2143701015,433924.03
255450020,390364.53
1020069017,435329.16
4038200120,481831.56
9284801100,320728.47
1965200075,672492.0
847100047,616832.0
4038700720,608407.4
6815100085,816806.9
2508000020,304774.22
255520180,512451.4
6822100750,606567.4
869700050,286313.2
1775801405,562283.0
6600400090,198484.45
7202330270,457728.1
1683400165,691003.7
2625069070,1133411.4
7625702440,422196.7
3388000640,220247.39
1899400365,335825.2
6899990200,743879.1
5569700020,831627.94
986000045,265853.28
3293700221,287442.84
3764800250,353276.84
2291400566,366144.56
4219401236,1717653.2
4239400840,153335.86
7211400990,203115.83
7696500280,173088.56
7215721070,516442.06
3204850140,349713.9
4322200220,670536.2
2566300100,1183809.6
1944900090,446489.5
6648500390,283045.28
7385300020,675738.56
1704900135,324059.78
2877100655,739827.4
2726079098,606256.25
7625703800,494604.62
318300040,819897.44
7922800190,547784.6
2023049361,198732.95
8946400210,485693.06
6071600450,531392.0
4343800100,405131.78
1443300140,348318.6
1024039001,845573.75
2767704860,618350.4
7234600851,633427.8
644200065,910309.8
7784400035,629561.44
3826000560,195923.73
9272202260,297899.28
263000253,423454.4
3621059043,524905.6
240000130,677036.4
1352300120,281616.9
7849200861,257933.17
2487700130,601927.4
1796100140,311643.44
7234601221,569016.25
8651710190,472212.06
2916200091,619957.6
1232000915,557951.44
1545801970,280535.56
3211200420,327823.75
7686204675,219417.6
3141600210,185467.27
3959401284,456111.47
2113700825,242797.75
3876000710,397918.44
522069022,583648.4
3214200070,396490.72
1221039156,301601.5
259600790,454515.28
785000040,481363.1
8138870470,507788.94
2596300035,304880.62
540100057,1718603.6
3073500045,526687.75
5363200266,463367.97
8682261650,533170.2
3224510080,874687.8
3211270160,424191.62
9269200520,237809.53
293810190,462073.7
4197400043,343803.84
3026079031,298180.97
5332200405,932365.7
2473411210,329177.75
9268200315,555537.2
8123500050,609992.9
3221069091,427063.03
2485000165,671956.7
4058800215,614024.2
1926059039,797156.1
2533300680,1044177.3
3343903640,304643.16
5700003705,1123893.1
2023049372,419033.4
4058800830,511295.94
3333002302,456258.5
2944500340,293868.72
1982200790,477473.16
8929000270,491159.62
8122101440,305724.4
7525530470,773883.1
9332800020,690316.7
3878900525,223457.78
5420300210,243437.2
9232900165,360200.3
6414100026,385199.34
3013300660,703385.06
7954300120,560096.75
1081200360,332473.44
2877102345,462060.9
2202500255,479354.75
7984400050,209473.55
9558020380,435429.22
7812801850,208068.69
8944460020,381622.6
2306400040,549022.56
8649400410,278892.62
7889602020,236802.89
2041000025,516255.9
871001484,616483.25
2767602141,442256.3
3630180470,779852.3
2769602140,496901.4
2473250280,342788.25
5422560660,465125.66
3756600240,351105.75
8651600160,947401.56
7202300540,844191.06
8961950250,418329.84
3303000130,439047.78
3303000130,439047.78
798000062,267962.4
1695900150,822654.4
1604730150,584608.8
4136930310,354651.75
8835401250,1039251.75
8665900328,303170.84
9262800255,285172.5
1853080570,819281.5
5556300114,896558.4
9517200290,483909.8
4037200295,477596.6
7417100123,369111.66
2620069077,208889.83
7922720040,685969.6
558100090,633513.6
257000037,283785.06
3319500385,357395.5
9297301520,322885.06
3580900090,336607.56
1321039076,180007.19
7227801581,359398.75
9407001620,317794.3
2130400150,312532.75
2312400200,250586.48
4046700210,367279.06
1193000480,924099.5
1492800296,549282.3
3013300017,464468.75
3630240140,511500.28
1049010390,360428.12
9320900420,142900.0
4315700060,370041.44
2591010290,306321.25
323089085,651187.06
6600400270,204453.12
2919701105,458018.94
7202360670,887327.5
8927600100,831172.9
3211700045,599343.44
4027701326,465727.1
1601600195,248880.28
7853280350,812484.2
3629970130,704628.5
7203120020,838927.8
9542900190,379061.75
8035350120,484608.1
1238501184,1016130.56
251200240,456038.4
8945300200,188507.48
2162000160,917449.5
5466310060,177198.84
1239400064,812247.1
5205000020,316882.75
1720800305,619793.3
7280300375,600852.0
2095800400,436192.3
7852010950,520441.44
1428001160,564753.44
9528104910,795996.9
8644210470,922600.75
7923300310,517029.97
254000100,632310.7
1931300688,487501.03
7007700030,443249.84
422049178,223262.23
422069067,379923.84
2923049393,337057.28
930000305,472512.06
2461900448,460916.62
2610100020,256644.25
2895550050,253456.92
7701700040,277377.25
2460900020,466889.56
9827700105,554446.3
1005000240,450752.03
1005000240,312539.3
7200001254,505740.75
866400040,603183.56
305000170,641494.4
2260800110,923181.6
3442000127,660034.06
5253300437,427916.75
7576700150,1077778.2
5469501410,490067.12
5104531120,670701.8
723049434,334385.16
622069006,1142186.5
2517101200,302824.38
8159620160,241650.12
5561300640,454098.9
3317010130,220736.08
4364200250,416484.4
8732300060,824503.25
5603700025,694132.4
3585900190,893557.1
3996900575,267899.03
8731801260,231493.0
3810000860,325701.88
5700003585,1917932.2
6332000050,482706.34
9286100250,437653.62
9471201110,1043462.56
9290800050,675488.56
7300200400,627827.5
526069024,930306.0
1454600156,930035.44
3904980360,505696.84
2626119062,292361.47
8651730290,440346.88
7611200195,690803.4
1919800260,669065.75
6632900354,244092.08
3972900195,328766.12
5151600170,281085.62
7016000440,507972.97
871000435,718615.1
9578060540,502307.28
2332700060,898322.3
766000240,273011.0
4363700200,375563.84
7100000250,384295.62
2781250560,214273.05
2781250100,343162.78
5419800220,258442.12
7147600245,264067.53
2926069083,973362.8
6189200125,825167.2
9542830160,295949.4
5152200020,280361.44
9412900045,466767.12
6600410480,166720.06
6979970080,577386.94
5636010280,278895.8
1732801300,1024870.06
5561401530,482535.6
9578500510,355989.9
7304300906,290970.4
1223089077,681345.06
721049207,257165.62
8691330310,827870.8
1523069204,477917.8
3188100105,650706.56
6608500290,425483.28
2891400410,378403.7
7663700551,333293.78
5413200140,243015.97
425069139,620524.3
6713700155,375230.9
2767603505,523341.12
7789000080,271923.56
9211500620,233139.81
3750604417,193451.58
7922800320,543232.56
1471620240,347192.66
2222059052,361016.72
9551200270,1106285.1
2767603160,582312.4
9406710060,371967.62
8929000250,348346.16
5538300120,438590.8
2223069120,418515.8
1652500060,1583701.8
8564500240,416277.5
3629700120,624494.8
3943600070,409385.8
4171200025,276150.16
2425049063,3110699.2
9828701650,356119.97
3581000340,336519.94
8100900015,353705.66
2125059161,1176061.0
304000380,198963.36
8146200070,1611515.9
686530170,588779.4
2917200645,476828.38
9547200530,714003.4
2122059199,426206.56
1150000740,625420.4
5706200060,351216.6
9265410010,217431.19
4083800555,539802.44
6152900332,357340.62
2520900301,197738.53
9828200790,601164.4
1657530180,279568.2
7471900045,283485.34
9828200460,470067.94
1775900140,419825.78
6139800430,435800.22
7214400005,518556.3
5332200026,533825.5
9510970300,807310.8
2540830020,413901.56
3392100140,188699.94
1326069191,346641.78
2125059112,1105681.9
859000022,308646.62
8854100350,702054.8
121059007,196838.61
7977201707,501287.97
3859900060,3038683.2
8815400735,719497.0
705700530,352169.12
6600780130,351455.8
6378500105,386822.06
8143000310,505264.44
2877102330,663648.9
3526039074,592736.6
2115510300,261328.78
3024059014,1980058.0
2141330360,625520.6
546000400,539295.06
2071500011,374738.8
7972000240,200719.2
7016200460,455592.38
6204200180,432172.97
1552100135,1298209.1
88000173,421623.72
2581900235,821266.94
9211500560,228683.23
621069218,398597.9
1321970240,286775.3
798000630,336298.56
421000285,238336.73
2824600180,695089.6
3832051140,295595.97
1237500105,804312.94
8802400906,267402.56
3166900270,386528.9
3682000060,389250.4
5469700020,281542.5
1245001820,718017.8
9547205660,596189.2
7974700122,758112.6
7550801225,517025.53
1099950050,583642.8
1402900460,344868.78
7636800041,1216006.6
2115720270,245386.06
8651441750,191282.95
3904100035,267596.47
8815400020,612887.44
3303860590,511263.75
5427110040,1189929.8
1782000160,390406.97
6204420290,521338.1
3995700245,283742.3
7955040130,438707.94
1442880650,529418.75
8833510230,598187.1
7283900551,434419.66
4396000180,257922.36
7504021310,734145.56
322059264,265392.22
3654800040,276876.94
2767704777,483824.9
3278602190,335990.16
3236500220,492707.8
3410600100,458094.94
629410180,722878.8
3352402250,164661.3
4363700304,342227.75
7237550130,1379355.9
9808590210,1017065.2
8074200175,282832.66
3463400330,401697.72
6306400140,950980.8
8564950250,523253.78
5381000070,214881.64
9826700697,475383.56
8132700190,447844.34
7943000020,142286.42
9547204675,616183.5
4112100101,436522.3
727500030,758391.0
114101426,392353.1
9274202005,645701.25
1193000380,797446.6
3039000020,505282.75
7852170130,643426.2
2624079010,725642.4
4137010540,286714.03
7576200012,921659.75
1138020020,359428.9
3969300030,190922.83
898000200,204643.31
5153100030,317583.44
5104532030,507847.53
4406000050,225173.45
9274203390,566702.75
8682290360,501728.47
6928600330,257690.5
4139680070,966684.6
6844702690,509269.53
2154970020,2354781.5
4385701285,1258393.5
2426059071,666876.25
2867300160,529957.2
9512500720,531748.4
1773101020,357028.25
8687800100,334176.97
3627800050,1509686.4
1604600227,367089.62
3300701170,394167.16
9250900111,439438.62
7015200790,641809.5
1311100490,239137.7
2469000010,972105.8
1982201596,479580.2
1862700290,352845.53
2586800270,242354.27
9528102772,446217.5
5490210200,463057.0
6669080020,478927.03
179003055,224129.44
1860600535,1073956.4
1592000130,599500.06
3905040170,523893.9
9320500080,264830.7
9276200850,494527.28
224069114,626157.44
2260000340,620374.6
5096300130,365871.94
3432500215,337158.88
2600000050,728460.9
8856003839,204399.5
2492200435,370686.75
7855900110,1149943.2
6806100250,294181.38
2770603523,537861.5
1370800515,1961734.0
2726049150,453237.06
1226059161,607029.75
1068000375,2680508.5
9528104109,490025.06
5126310060,446645.78
1951820070,512138.25
1545805980,394571.84
9464700340,994852.1
4319200675,821357.75
7518500885,507417.62
7852020620,490124.62
869700370,291319.97
8643000190,263774.06
8902000267,464274.78
7972602435,254250.27
2050100210,823327.0
6705120540,438276.38
2767601390,630252.9
4141000490,1240844.2
9345400350,781930.8
3222079162,290099.28
7789000120,247754.94
6646200770,634132.0
6666800180,836458.44
1725800280,437912.47
6117500460,1105177.9
5470100220,224656.95
5457300478,420454.47
7550800195,538907.44
7787050180,605227.94
6204430250,508152.75
7640400250,523274.25
624110920,807417.06
3629920140,408308.5
7173700518,692491.94
3210200395,191434.25
2473480560,420573.97
2623089141,494753.22
1423800080,231561.22
2076400050,282530.2
3832060120,293717.16
7702600930,380098.16
5101404555,392675.4
3723800415,382371.6
3356403400,217934.83
9214400125,542716.8
1797500530,556579.75
9551201660,1030424.94
3878900815,392974.34
1760650280,308016.2
5466410030,223919.42
6388930620,617619.56
2331300395,861791.6
9412700160,279115.6
871001611,647228.94
3142600120,631953.75
3995700220,350464.1
2310000280,270264.53
8039900400,379079.84
7504021510,687395.25
1959700445,1218934.9
1556200155,621707.25
3629960590,349855.66
259000240,441957.8
662440020,398333.44
3123049142,514248.62
321100260,866838.7
6840701095,521182.0
3738900165,444374.84
4427100130,384291.94
9238500100,466284.84
6145601810,355068.7
2570300090,359752.3
4017600010,519357.1
1005000220,445053.88
1005000220,480539.3
1257202120,515952.72
9527000490,477476.8
8691400080,727832.44
1726069084,457738.16
248000240,195735.3
6113400046,491167.6
2130702350,335850.2
920069052,200295.08
6071300160,538580.6
1623049041,143914.52
9268200285,375478.97
1843100520,383904.03
2887700826,621897.56
9122000385,591540.6
9475700220,395115.97
2804600005,844744.4
2896400300,403880.72
5015000180,751853.6
3630220180,755747.06
8832900780,526698.8
1568100300,477701.8
8718500610,411185.7
4147200140,1002530.56
1973700030,997834.8
8862000075,161739.06
9320990110,327288.62
1151100035,464280.53
2011000010,221957.03
1651500060,973762.06
446000190,856322.3
2344300220,1018533.75
523049195,147190.03
9191200015,617621.4
7942601410,687759.2
7137800300,219308.6
7853300280,511837.47
6654700240,336100.75
569000050,604885.2
3584000180,244266.5
2026079055,299012.2
8898700880,285235.03
5075400150,636286.75
8731981360,367890.78
4222500020,221404.83
7996720050,416037.78
4077800094,526576.75
6446200365,648609.4
2824089053,496572.66
1311800220,225432.16
3522049063,676884.7
1721801280,196690.38
6131600240,202237.92
7202310040,596821.8
1123059125,555179.7
646910160,228604.95
5630500005,371447.25
3342100785,318321.47
9547205610,653614.2
1773100123,287634.25
3353400092,301192.2
217500015,375701.03
3649100031,408073.75
7896300150,277881.34
623049185,219045.86
1773100430,321055.94
1781500220,638798.44
3395380200,207700.53
2424059170,2243415.2
4389200765,2111102.2
1543000060,489634.06
6154900005,615260.44
2902200240,496656.0
1442880640,521074.66
8562770490,561996.2
2768300655,567167.2
3432501315,310566.44
5035300570,759491.1
3626039028,423342.94
3876540780,236227.94
327000100,1027614.4
7551300065,462095.72
1312920060,247477.94
2215901230,265866.47
6306800010,440990.72
2767700022,483419.47
5589900610,549407.0
4320200020,713582.0
5249804655,659512.44
9238500480,477074.0
3885806565,1477124.2
7905200205,528549.5
5727500102,272026.0
3585220070,426988.1
2078500210,585839.44
1839920050,409258.94
534000080,322041.5
856000255,701525.4
4141010110,1527257.9
9558040820,582820.75
7768700315,1178924.5
2796100640,275253.84
1922059010,218007.6
3448000542,293385.97
3883100220,282720.47
7237301210,274273.03
3893100456,901858.9
9578501110,375237.7
6145601995,431073.9
4024100120,311843.22
8899000050,332749.72
3396820010,511691.03
6749700117,370653.16
1954400060,502589.53
3303970100,899531.1
2540850070,471787.56
3797000745,533142.25
7883603700,248022.31
3438501452,411835.97
3530210260,668139.25
3598600049,176507.33
731500170,380988.4
7129304375,177602.69
263000006,419310.03
7212660560,297261.6
1112700010,407168.78
3420069060,777365.56
2473000470,442219.62
8691390980,724462.7
6184700100,447192.62
4476400275,320862.78
2968801240,285538.78
1529300160,414249.47
7640400070,673321.1
7016100380,455602.8
2172000890,404802.72
4035900015,614773.56
9528104660,1079475.6
507100005,344362.0
2783100160,402870.9
3629921140,871146.44
1099750610,245627.45
1330300451,1264317.9
2757000030,884318.4
2114700190,363125.12
2050000020,1106755.8
3832500790,271056.72
2612000390,313131.22
1483300430,501842.38
8899200720,292238.25
9183700470,281640.53
3530490031,198699.22
7857001225,325485.78
7920100083,356005.2
2254501620,376284.44
3876200070,417476.16
369000365,382481.0
3052700385,643317.0
7856550240,874802.1
7300410110,361378.78
7201800300,405080.0
1695900060,494091.22
9429500146,795078.1
3629910240,677887.3
8805400090,251859.64
1022069050,217817.02
1138010530,371800.6
7877400266,165827.14
7974200452,1068467.4
2126049265,446067.28
9547204350,681971.75
5560000680,182503.06
3793500550,282486.53
4217401195,999271.8
1826049408,385028.94
3905100210,477670.38
7695370160,435062.28
3210400060,221289.14
6146600170,112534.43
2767601750,487958.72
1773100926,376743.7
5700002125,483815.22
1951100100,192404.84
1402200340,332492.47
8044200200,376565.9
66000070,278844.75
5083100065,201480.6
4027701284,384683.56
5693501100,616497.94
3600072,552562.9
8078550250,312882.84
1922059046,253023.42
2902200016,764189.0
9183700845,154034.69
3333001997,344967.8
1432400525,250170.53
2824059128,510644.9
6453550090,901001.8
6202600070,1279318.9
7524100280,226952.94
3524039224,846990.94
5739601300,524462.3
2473000410,416598.4
421059018,298220.22
4232901120,712425.4
5559600140,245861.34
3797310150,272225.3
7986400265,902549.8
3025300095,2408130.5
7524950830,583966.9
9407100730,269972.66
3812400854,351679.12
6002400030,383646.0
2212200090,225836.27
7202330610,531216.2
7300400170,300619.97
8965000110,451981.4
3996900125,298718.34
2221000100,294569.9
1524079088,338379.4
1133000036,370503.7
1868901190,674281.1
4037200530,461402.16
2095500120,328591.53
1995200338,848655.75
8820902350,790736.94
7459810210,366112.78
9536600010,475874.8
8085400586,1478863.6
7518503065,286733.2
8682320350,701390.25
3179100790,773846.2
9828702666,461420.2
6713700250,518150.97
2141330700,654888.25
7519001990,432582.44
3223069019,302655.47
7994700030,393475.34
2592300450,290591.88
2792000010,464088.84
173000025,366717.7
7203150330,698104.3
3305100210,873505.75
2581300055,881406.9
6613000750,1464496.0
7015200685,690849.5
1323089184,553309.56
3793500510,388067.62
2225079030,211109.83
3578400710,399453.38
8100000090,276048.0
2095500040,321423.88
8682281710,693415.2
6163901380,316604.84
6918720080,634036.44
6914700130,523787.0
1205000215,485414.75
3800008,342959.28
6150200180,303493.1
1223089066,816712.6
7768800290,823461.3
9285800330,755074.9
1974300020,581578.7
7628700050,663715.94
9376301800,692481.4
8651430220,181675.6
629810350,830448.7
5016002180,854694.6
9558010230,332073.84
8732000390,241968.12
7899800586,330090.34
5249802460,427922.84
1446300020,574600.9
7785380150,405068.8
1245500950,801551.7
3362400640,671049.9
7578200310,664092.0
4137020910,279143.8
11520640,753314.9
7972601995,258917.77
8122100160,426070.44
9456200450,290119.75
1328320760,317109.78
4025300285,317725.22
2721600125,1032235.7
1123049027,200225.56
3542300060,269308.97
291310340,446000.94
8651720420,473895.25
3298200790,413310.28
4037200585,395786.12
1329000090,1609856.9
9279700013,1028256.5
4151800265,545453.4
7760400210,240083.52
5029450110,205619.11
9492500160,905897.4
3578400270,464135.75
7606200090,309235.28
3682000050,375735.8
1250200415,334694.94
629811600,753331.4
1839500115,368992.7
1176001293,2217940.5
3013300409,356631.8
7853280370,772594.8
3275780030,632254.0
3336001946,223161.77
5456000110,738841.7
2473250400,288608.88
5393601635,564624.75
8820902905,330475.25
1245001659,816278.9
1523069215,452986.44
930000234,524513.3
4083301645,627029.3
4055700778,609192.94
2781230080,437512.97
3629910210,678059.94
7856700060,652570.94
7589700055,556705.56
3888100043,406214.28
6381501636,398282.9
3303951150,423059.62
8638500170,359795.88
5635100050,420019.62
8820901792,872769.7
5456000025,1250175.8
985001275,183892.89
9560500105,772409.2
1421069117,236043.72
4154300296,344218.2
795000620,141396.08
9828702335,495400.06
1250202145,978278.3
1163400070,239420.66
5652600065,689891.56
1042700050,804095.9
8899210320,362359.56
1651800030,1601908.5
2919201365,760513.1
4365200895,374754.2
6841700100,797401.75
7376300060,444882.84
7852090180,509302.56
9222400565,521161.12
9542400075,828889.1
7338000150,182053.88
4322500110,580825.44
7694200070,401670.9
9321010130,239837.73
3204300455,1251403.1
6706000040,308471.53
